0,1
Datasets/captcha-images-v3/DzKLKo.png,DzKLKo
Datasets/captcha-images-v3/2oJk5r.png,2oJk5r
Datasets/captcha-images-v3/vJgX7r.png,vJgX7r
Datasets/captcha-images-v3/sGqDXQ.png,sGqDXQ
Datasets/captcha-images-v3/i1md5d.png,i1md5d
Datasets/captcha-images-v3/7HPxg4.png,7HPxg4
Datasets/captcha-images-v3/oC7HwY.png,oC7HwY
Datasets/captcha-images-v3/hUUgfd.png,hUUgfd
Datasets/captcha-images-v3/6TyoHy.png,6TyoHy
Datasets/captcha-images-v3/31mkGc.png,31mkGc
Datasets/captcha-images-v3/GOGY7M.png,GOGY7M
Datasets/captcha-images-v3/U16lt7.png,U16lt7
Datasets/captcha-images-v3/4XYlqg.png,4XYlqg
Datasets/captcha-images-v3/Wdt6EH.png,Wdt6EH
Datasets/captcha-images-v3/wPXL9T.png,wPXL9T
Datasets/captcha-images-v3/fUDl3W.png,fUDl3W
Datasets/captcha-images-v3/sxow71.png,sxow71
Datasets/captcha-images-v3/H1PRke.png,H1PRke
Datasets/captcha-images-v3/UFRtT0.png,UFRtT0
Datasets/captcha-images-v3/RagtB1.png,RagtB1
Datasets/captcha-images-v3/JaBr84.png,JaBr84
Datasets/captcha-images-v3/cboN7y.png,cboN7y
Datasets/captcha-images-v3/JrLJgP.png,JrLJgP
Datasets/captcha-images-v3/APlA4t.png,APlA4t
Datasets/captcha-images-v3/W5ynDJ.png,W5ynDJ
Datasets/captcha-images-v3/oLLzUb.png,oLLzUb
Datasets/captcha-images-v3/GmVr3h.png,GmVr3h
Datasets/captcha-images-v3/smIxHe.png,smIxHe
Datasets/captcha-images-v3/196eM4.png,196eM4
Datasets/captcha-images-v3/V5bD6S.png,V5bD6S
Datasets/captcha-images-v3/K6IgIJ.png,K6IgIJ
Datasets/captcha-images-v3/x3gAve.png,x3gAve
Datasets/captcha-images-v3/WqBAOl.png,WqBAOl
Datasets/captcha-images-v3/zxQcNJ.png,zxQcNJ
Datasets/captcha-images-v3/0lGoIk.png,0lGoIk
Datasets/captcha-images-v3/vrdB2r.png,vrdB2r
Datasets/captcha-images-v3/uMat83.png,uMat83
Datasets/captcha-images-v3/2QXmAF.png,2QXmAF
Datasets/captcha-images-v3/VWNOwY.png,VWNOwY
Datasets/captcha-images-v3/8pPpA0.png,8pPpA0
Datasets/captcha-images-v3/2CITx4.png,2CITx4
Datasets/captcha-images-v3/wFP01I.png,wFP01I
Datasets/captcha-images-v3/NUzSVQ.png,NUzSVQ
Datasets/captcha-images-v3/cowkJc.png,cowkJc
Datasets/captcha-images-v3/obsOxF.png,obsOxF
Datasets/captcha-images-v3/6Ey6Sq.png,6Ey6Sq
Datasets/captcha-images-v3/NHurZ7.png,NHurZ7
Datasets/captcha-images-v3/evC8nX.png,evC8nX
Datasets/captcha-images-v3/thkYtd.png,thkYtd
Datasets/captcha-images-v3/AywWAa.png,AywWAa
Datasets/captcha-images-v3/uTSrmS.png,uTSrmS
Datasets/captcha-images-v3/XrXx0x.png,XrXx0x
Datasets/captcha-images-v3/HTGEqt.png,HTGEqt
Datasets/captcha-images-v3/U6OgwR.png,U6OgwR
Datasets/captcha-images-v3/9QRFcU.png,9QRFcU
Datasets/captcha-images-v3/mxONSK.png,mxONSK
Datasets/captcha-images-v3/C4NzOc.png,C4NzOc
Datasets/captcha-images-v3/fR3NXi.png,fR3NXi
Datasets/captcha-images-v3/vTefSd.png,vTefSd
Datasets/captcha-images-v3/Y788sk.png,Y788sk
Datasets/captcha-images-v3/Wc7vu2.png,Wc7vu2
Datasets/captcha-images-v3/nlaDlz.png,nlaDlz
Datasets/captcha-images-v3/JK1vGV.png,JK1vGV
Datasets/captcha-images-v3/ICdG4M.png,ICdG4M
Datasets/captcha-images-v3/gd7OXk.png,gd7OXk
Datasets/captcha-images-v3/8V0tZa.png,8V0tZa
Datasets/captcha-images-v3/NDXHhT.png,NDXHhT
Datasets/captcha-images-v3/eELPN7.png,eELPN7
Datasets/captcha-images-v3/QldjF1.png,QldjF1
Datasets/captcha-images-v3/KBaSif.png,KBaSif
Datasets/captcha-images-v3/Yfwd1t.png,Yfwd1t
Datasets/captcha-images-v3/ZkAQ7c.png,ZkAQ7c
Datasets/captcha-images-v3/gSmYzt.png,gSmYzt
Datasets/captcha-images-v3/3ILlYY.png,3ILlYY
Datasets/captcha-images-v3/I9TYiu.png,I9TYiu
Datasets/captcha-images-v3/QDMy7g.png,QDMy7g
Datasets/captcha-images-v3/g1HLWR.png,g1HLWR
Datasets/captcha-images-v3/Q4IaCd.png,Q4IaCd
Datasets/captcha-images-v3/qy4SJ7.png,qy4SJ7
Datasets/captcha-images-v3/4Sg4Uq.png,4Sg4Uq
Datasets/captcha-images-v3/rhvbIH.png,rhvbIH
Datasets/captcha-images-v3/OrpKuM.png,OrpKuM
Datasets/captcha-images-v3/E9bcYX.png,E9bcYX
Datasets/captcha-images-v3/vM1Y8H.png,vM1Y8H
Datasets/captcha-images-v3/80kc2K.png,80kc2K
Datasets/captcha-images-v3/FhJZkq.png,FhJZkq
Datasets/captcha-images-v3/rZP2IF.png,rZP2IF
Datasets/captcha-images-v3/GOu94D.png,GOu94D
Datasets/captcha-images-v3/xgrug0.png,xgrug0
Datasets/captcha-images-v3/WlBsRg.png,WlBsRg
Datasets/captcha-images-v3/hR5fDJ.png,hR5fDJ
Datasets/captcha-images-v3/VIFmtb.png,VIFmtb
Datasets/captcha-images-v3/q5S9Ux.png,q5S9Ux
Datasets/captcha-images-v3/otFm6b.png,otFm6b
Datasets/captcha-images-v3/9o1zea.png,9o1zea
Datasets/captcha-images-v3/t9qI70.png,t9qI70
Datasets/captcha-images-v3/uOIisE.png,uOIisE
Datasets/captcha-images-v3/9RHQAM.png,9RHQAM
Datasets/captcha-images-v3/OvG1sa.png,OvG1sa
Datasets/captcha-images-v3/zOcxbJ.png,zOcxbJ
Datasets/captcha-images-v3/L98dhH.png,L98dhH
Datasets/captcha-images-v3/DYNIbS.png,DYNIbS
Datasets/captcha-images-v3/MnbNUr.png,MnbNUr
Datasets/captcha-images-v3/obxixB.png,obxixB
Datasets/captcha-images-v3/IS1C0q.png,IS1C0q
Datasets/captcha-images-v3/JBitrT.png,JBitrT
Datasets/captcha-images-v3/tBAARt.png,tBAARt
Datasets/captcha-images-v3/whCAW4.png,whCAW4
Datasets/captcha-images-v3/BhZEuk.png,BhZEuk
Datasets/captcha-images-v3/i9I1r0.png,i9I1r0
Datasets/captcha-images-v3/xJL8gA.png,xJL8gA
Datasets/captcha-images-v3/mmLR4Z.png,mmLR4Z
Datasets/captcha-images-v3/m84MyN.png,m84MyN
Datasets/captcha-images-v3/CncGcq.png,CncGcq
Datasets/captcha-images-v3/eRFN&T.png,eRFN&T
Datasets/captcha-images-v3/8yoK80.png,8yoK80
Datasets/captcha-images-v3/f4Zzcd.png,f4Zzcd
Datasets/captcha-images-v3/MMsMev.png,MMsMev
Datasets/captcha-images-v3/XISe5L.png,XISe5L
Datasets/captcha-images-v3/45CAfy.png,45CAfy
Datasets/captcha-images-v3/7YaTFK.png,7YaTFK
Datasets/captcha-images-v3/gkgIsd.png,gkgIsd
Datasets/captcha-images-v3/tK8prT.png,tK8prT
Datasets/captcha-images-v3/SOMrM6.png,SOMrM6
Datasets/captcha-images-v3/ygDW52.png,ygDW52
Datasets/captcha-images-v3/udx92F.png,udx92F
Datasets/captcha-images-v3/T09fpx.png,T09fpx
Datasets/captcha-images-v3/7NsCZA.png,7NsCZA
Datasets/captcha-images-v3/cyaNK6.png,cyaNK6
Datasets/captcha-images-v3/TPKNi5.png,TPKNi5
Datasets/captcha-images-v3/nrrpvM.png,nrrpvM
Datasets/captcha-images-v3/aN2BUb.png,aN2BUb
Datasets/captcha-images-v3/FsW2O6.png,FsW2O6
Datasets/captcha-images-v3/DzBOJw.png,DzBOJw
Datasets/captcha-images-v3/fArF4P.png,fArF4P
Datasets/captcha-images-v3/6p0pOR.png,6p0pOR
Datasets/captcha-images-v3/EhSUyD.png,EhSUyD
Datasets/captcha-images-v3/7FUnsB.png,7FUnsB
Datasets/captcha-images-v3/rOrQDM.png,rOrQDM
Datasets/captcha-images-v3/1FrkKL.png,1FrkKL
Datasets/captcha-images-v3/8J4ZSy.png,8J4ZSy
Datasets/captcha-images-v3/lRHIBQ.png,lRHIBQ
Datasets/captcha-images-v3/43CGKh.png,43CGKh
Datasets/captcha-images-v3/gVivHZ.png,gVivHZ
Datasets/captcha-images-v3/nBymWZ.png,nBymWZ
Datasets/captcha-images-v3/YYSgHc.png,YYSgHc
Datasets/captcha-images-v3/MsCEWV.png,MsCEWV
Datasets/captcha-images-v3/eyMlvM.png,eyMlvM
Datasets/captcha-images-v3/D12ffQ.png,D12ffQ
Datasets/captcha-images-v3/VqX4sN.png,VqX4sN
Datasets/captcha-images-v3/kyzus2.png,kyzus2
Datasets/captcha-images-v3/Xln4zb.png,Xln4zb
Datasets/captcha-images-v3/P3TScQ.png,P3TScQ
Datasets/captcha-images-v3/SWZwG9.png,SWZwG9
Datasets/captcha-images-v3/Jwls1i.png,Jwls1i
Datasets/captcha-images-v3/Y5nMRo.png,Y5nMRo
Datasets/captcha-images-v3/0wZh1g.png,0wZh1g
Datasets/captcha-images-v3/mHFyeS.png,mHFyeS
Datasets/captcha-images-v3/r1Davx.png,r1Davx
Datasets/captcha-images-v3/f05gPA.png,f05gPA
Datasets/captcha-images-v3/OsxlXU.png,OsxlXU
Datasets/captcha-images-v3/XhTQ58.png,XhTQ58
Datasets/captcha-images-v3/ygd50x.png,ygd50x
Datasets/captcha-images-v3/ZaF3Pe.png,ZaF3Pe
Datasets/captcha-images-v3/fJbADJ.png,fJbADJ
Datasets/captcha-images-v3/nmzGk7.png,nmzGk7
Datasets/captcha-images-v3/gesEnF.png,gesEnF
Datasets/captcha-images-v3/3N6DNe.png,3N6DNe
Datasets/captcha-images-v3/Ne8oHq.png,Ne8oHq
Datasets/captcha-images-v3/lzPKDO.png,lzPKDO
Datasets/captcha-images-v3/sxvise.png,sxvise
Datasets/captcha-images-v3/376nLT.png,376nLT
Datasets/captcha-images-v3/RNgr2W.png,RNgr2W
Datasets/captcha-images-v3/eGqcVS.png,eGqcVS
Datasets/captcha-images-v3/nXTv13.png,nXTv13
Datasets/captcha-images-v3/GsTl9f.png,GsTl9f
Datasets/captcha-images-v3/xyfy3I.png,xyfy3I
Datasets/captcha-images-v3/BXCXSH.png,BXCXSH
Datasets/captcha-images-v3/1y2K40.png,1y2K40
Datasets/captcha-images-v3/REuPtn.png,REuPtn
Datasets/captcha-images-v3/SVjp41.png,SVjp41
Datasets/captcha-images-v3/HIgaUz.png,HIgaUz
Datasets/captcha-images-v3/Aw9fAW.png,Aw9fAW
Datasets/captcha-images-v3/85ypy0.png,85ypy0
Datasets/captcha-images-v3/bRLb2V.png,bRLb2V
Datasets/captcha-images-v3/DNJvwQ.png,DNJvwQ
Datasets/captcha-images-v3/AHoJgf.png,AHoJgf
Datasets/captcha-images-v3/WI0LAl.png,WI0LAl
Datasets/captcha-images-v3/nyxFOg.png,nyxFOg
Datasets/captcha-images-v3/SvAXFE.png,SvAXFE
Datasets/captcha-images-v3/dRpKB8.png,dRpKB8
Datasets/captcha-images-v3/48a2cf.png,48a2cf
Datasets/captcha-images-v3/u5FgHQ.png,u5FgHQ
Datasets/captcha-images-v3/YB0thS.png,YB0thS
Datasets/captcha-images-v3/QokYur.png,QokYur
Datasets/captcha-images-v3/LZgzZR.png,LZgzZR
Datasets/captcha-images-v3/KkwyyB.png,KkwyyB
Datasets/captcha-images-v3/XIO7az.png,XIO7az
Datasets/captcha-images-v3/491kFO.png,491kFO
Datasets/captcha-images-v3/gDQElH.png,gDQElH
Datasets/captcha-images-v3/7yHiKO.png,7yHiKO
Datasets/captcha-images-v3/8oWfGU.png,8oWfGU
Datasets/captcha-images-v3/BfQ9qf.png,BfQ9qf
Datasets/captcha-images-v3/LMVuuf.png,LMVuuf
Datasets/captcha-images-v3/Qj91uM.png,Qj91uM
Datasets/captcha-images-v3/aZVuND.png,aZVuND
Datasets/captcha-images-v3/mFfXyq.png,mFfXyq
Datasets/captcha-images-v3/gWZHPx.png,gWZHPx
Datasets/captcha-images-v3/wdMwvC.png,wdMwvC
Datasets/captcha-images-v3/ZmVTJT.png,ZmVTJT
Datasets/captcha-images-v3/ufeFR0.png,ufeFR0
Datasets/captcha-images-v3/pJa3VK.png,pJa3VK
Datasets/captcha-images-v3/XRuelr.png,XRuelr
Datasets/captcha-images-v3/QCGIBE.png,QCGIBE
Datasets/captcha-images-v3/p1ApNF.png,p1ApNF
Datasets/captcha-images-v3/Mnd73g.png,Mnd73g
Datasets/captcha-images-v3/N3TVyd.png,N3TVyd
Datasets/captcha-images-v3/nEzhcM.png,nEzhcM
Datasets/captcha-images-v3/sFDBr9.png,sFDBr9
Datasets/captcha-images-v3/QLXnOX.png,QLXnOX
Datasets/captcha-images-v3/lpWZAA.png,lpWZAA
Datasets/captcha-images-v3/n7BrH7.png,n7BrH7
Datasets/captcha-images-v3/SBVZ34.png,SBVZ34
Datasets/captcha-images-v3/9wqTxD.png,9wqTxD
Datasets/captcha-images-v3/WlEM6q.png,WlEM6q
Datasets/captcha-images-v3/5CNkQt.png,5CNkQt
Datasets/captcha-images-v3/KRcaoi.png,KRcaoi
Datasets/captcha-images-v3/cxvR31.png,cxvR31
Datasets/captcha-images-v3/kwZ1ks.png,kwZ1ks
Datasets/captcha-images-v3/pUIuMs.png,pUIuMs
Datasets/captcha-images-v3/6FdBXw.png,6FdBXw
Datasets/captcha-images-v3/KMvYzI.png,KMvYzI
Datasets/captcha-images-v3/B2Zsag.png,B2Zsag
Datasets/captcha-images-v3/ruiD7i.png,ruiD7i
Datasets/captcha-images-v3/cyuQHf.png,cyuQHf
Datasets/captcha-images-v3/Fd6Nla.png,Fd6Nla
Datasets/captcha-images-v3/RvTwgk.png,RvTwgk
Datasets/captcha-images-v3/FMRqkn.png,FMRqkn
Datasets/captcha-images-v3/paRgJJ.png,paRgJJ
Datasets/captcha-images-v3/cyGCgk.png,cyGCgk
Datasets/captcha-images-v3/TUTzL1.png,TUTzL1
Datasets/captcha-images-v3/2N01go.png,2N01go
Datasets/captcha-images-v3/mJzypL.png,mJzypL
Datasets/captcha-images-v3/d2gtvz.png,d2gtvz
Datasets/captcha-images-v3/640UmM7.png,640UmM7
Datasets/captcha-images-v3/uZgbf6.png,uZgbf6
Datasets/captcha-images-v3/ERUzaB.png,ERUzaB
Datasets/captcha-images-v3/nkPsre.png,nkPsre
Datasets/captcha-images-v3/u6wdHV.png,u6wdHV
Datasets/captcha-images-v3/3sYmvI.png,3sYmvI
Datasets/captcha-images-v3/5iUgHO.png,5iUgHO
Datasets/captcha-images-v3/yqUN4H.png,yqUN4H
Datasets/captcha-images-v3/9pSqSt.png,9pSqSt
Datasets/captcha-images-v3/236Jvc.png,236Jvc
Datasets/captcha-images-v3/HJZbPb.png,HJZbPb
Datasets/captcha-images-v3/NN0EDR.png,NN0EDR
Datasets/captcha-images-v3/4y7Yed.png,4y7Yed
Datasets/captcha-images-v3/SiDcVg.png,SiDcVg
Datasets/captcha-images-v3/hz0gRd.png,hz0gRd
Datasets/captcha-images-v3/301KB5.png,301KB5
Datasets/captcha-images-v3/p4Xk8V.png,p4Xk8V
Datasets/captcha-images-v3/Pa1x8m.png,Pa1x8m
Datasets/captcha-images-v3/Uw8Cux.png,Uw8Cux
Datasets/captcha-images-v3/G99bpn.png,G99bpn
Datasets/captcha-images-v3/P8QGDV.png,P8QGDV
Datasets/captcha-images-v3/IPRvgi.png,IPRvgi
Datasets/captcha-images-v3/KY4TUy.png,KY4TUy
Datasets/captcha-images-v3/ZUarIE.png,ZUarIE
Datasets/captcha-images-v3/JBXXBH.png,JBXXBH
Datasets/captcha-images-v3/gsF3Dv.png,gsF3Dv
Datasets/captcha-images-v3/g4p3Ek.png,g4p3Ek
Datasets/captcha-images-v3/RBvI7x.png,RBvI7x
Datasets/captcha-images-v3/wg66zm.png,wg66zm
Datasets/captcha-images-v3/7dJKS9.png,7dJKS9
Datasets/captcha-images-v3/zXlwIH.png,zXlwIH
Datasets/captcha-images-v3/zQzsxx.png,zQzsxx
Datasets/captcha-images-v3/iQACvu.png,iQACvu
Datasets/captcha-images-v3/l6iWnY.png,l6iWnY
Datasets/captcha-images-v3/8E21yE.png,8E21yE
Datasets/captcha-images-v3/9M9bSS.png,9M9bSS
Datasets/captcha-images-v3/P7mebG.png,P7mebG
Datasets/captcha-images-v3/GNmPmG.png,GNmPmG
Datasets/captcha-images-v3/9Y2R9z.png,9Y2R9z
Datasets/captcha-images-v3/3hygmd.png,3hygmd
Datasets/captcha-images-v3/NCKKky.png,NCKKky
Datasets/captcha-images-v3/b1LPQs.png,b1LPQs
Datasets/captcha-images-v3/7kg9T0.png,7kg9T0
Datasets/captcha-images-v3/72XP96.png,72XP96
Datasets/captcha-images-v3/gVAgWU.png,gVAgWU
Datasets/captcha-images-v3/L2yM3L.png,L2yM3L
Datasets/captcha-images-v3/lbgUcP.png,lbgUcP
Datasets/captcha-images-v3/a6ZpRg.png,a6ZpRg
Datasets/captcha-images-v3/qT2d05.png,qT2d05
Datasets/captcha-images-v3/7KgxI0.png,7KgxI0
Datasets/captcha-images-v3/879rtd.png,879rtd
Datasets/captcha-images-v3/L8OyLy.png,L8OyLy
Datasets/captcha-images-v3/oNEZgg.png,oNEZgg
Datasets/captcha-images-v3/eMaeGy.png,eMaeGy
Datasets/captcha-images-v3/VHT3Hu.png,VHT3Hu
Datasets/captcha-images-v3/sgkgKb.png,sgkgKb
Datasets/captcha-images-v3/y8bkp4.png,y8bkp4
Datasets/captcha-images-v3/8pbZ30.png,8pbZ30
Datasets/captcha-images-v3/cOATwD.png,cOATwD
Datasets/captcha-images-v3/zTqWSA.png,zTqWSA
Datasets/captcha-images-v3/TOx1fr.png,TOx1fr
Datasets/captcha-images-v3/luwMIO.png,luwMIO
Datasets/captcha-images-v3/iUxKl5.png,iUxKl5
Datasets/captcha-images-v3/u8rUl8.png,u8rUl8
Datasets/captcha-images-v3/5HLmzg.png,5HLmzg
Datasets/captcha-images-v3/6Pq9qI.png,6Pq9qI
Datasets/captcha-images-v3/ZB7yha.png,ZB7yha
Datasets/captcha-images-v3/eqHx0B.png,eqHx0B
Datasets/captcha-images-v3/F4qg1S.png,F4qg1S
Datasets/captcha-images-v3/leXymo.png,leXymo
Datasets/captcha-images-v3/uUUKMG.png,uUUKMG
Datasets/captcha-images-v3/rH0UO2.png,rH0UO2
Datasets/captcha-images-v3/JmLsa1.png,JmLsa1
Datasets/captcha-images-v3/pBSwmg.png,pBSwmg
Datasets/captcha-images-v3/b4XZtV.png,b4XZtV
Datasets/captcha-images-v3/FbbvqV.png,FbbvqV
Datasets/captcha-images-v3/OOsTe3.png,OOsTe3
Datasets/captcha-images-v3/RlBRSE.png,RlBRSE
Datasets/captcha-images-v3/q3gR0n.png,q3gR0n
Datasets/captcha-images-v3/u1Bw2z.png,u1Bw2z
Datasets/captcha-images-v3/6kyTcS.png,6kyTcS
Datasets/captcha-images-v3/GqrR2h.png,GqrR2h
Datasets/captcha-images-v3/0vEClz.png,0vEClz
Datasets/captcha-images-v3/lOY6sG.png,lOY6sG
Datasets/captcha-images-v3/fWDuNB.png,fWDuNB
Datasets/captcha-images-v3/fl0Brq.png,fl0Brq
Datasets/captcha-images-v3/bU30FG.png,bU30FG
Datasets/captcha-images-v3/zHrvYS.png,zHrvYS
Datasets/captcha-images-v3/nZQcVK.png,nZQcVK
Datasets/captcha-images-v3/MtW1e7.png,MtW1e7
Datasets/captcha-images-v3/iGw4g3.png,iGw4g3
Datasets/captcha-images-v3/B0q8kn.png,B0q8kn
Datasets/captcha-images-v3/bwLoOg.png,bwLoOg
Datasets/captcha-images-v3/5vgI1s.png,5vgI1s
Datasets/captcha-images-v3/KWd6eN.png,KWd6eN
Datasets/captcha-images-v3/cg1zkM.png,cg1zkM
Datasets/captcha-images-v3/VxHvgb.png,VxHvgb
Datasets/captcha-images-v3/rVcROk.png,rVcROk
Datasets/captcha-images-v3/0UiKGB.png,0UiKGB
Datasets/captcha-images-v3/x08wdl.png,x08wdl
Datasets/captcha-images-v3/bSmseC.png,bSmseC
Datasets/captcha-images-v3/QgaZT7.png,QgaZT7
Datasets/captcha-images-v3/FuxEK5.png,FuxEK5
Datasets/captcha-images-v3/7qacF5.png,7qacF5
Datasets/captcha-images-v3/VVkoGv.png,VVkoGv
Datasets/captcha-images-v3/WpyNfG.png,WpyNfG
Datasets/captcha-images-v3/J9J7ss.png,J9J7ss
Datasets/captcha-images-v3/mobgpF.png,mobgpF
Datasets/captcha-images-v3/U9b79V.png,U9b79V
Datasets/captcha-images-v3/FwX6EX.png,FwX6EX
Datasets/captcha-images-v3/hDHL2W.png,hDHL2W
Datasets/captcha-images-v3/ysIeyY.png,ysIeyY
Datasets/captcha-images-v3/hF5x9d.png,hF5x9d
Datasets/captcha-images-v3/fgc0M4.png,fgc0M4
Datasets/captcha-images-v3/zkq7WV.png,zkq7WV
Datasets/captcha-images-v3/fuZnvY.png,fuZnvY
Datasets/captcha-images-v3/40M20c.png,40M20c
Datasets/captcha-images-v3/pKKC7Q.png,pKKC7Q
Datasets/captcha-images-v3/h4ouEQ.png,h4ouEQ
Datasets/captcha-images-v3/GgzYIR.png,GgzYIR
Datasets/captcha-images-v3/6bag8u.png,6bag8u
Datasets/captcha-images-v3/BIa1fI.png,BIa1fI
Datasets/captcha-images-v3/NCL859.png,NCL859
Datasets/captcha-images-v3/A2oJgz.png,A2oJgz
Datasets/captcha-images-v3/5pDxgD.png,5pDxgD
Datasets/captcha-images-v3/l1kbIK.png,l1kbIK
Datasets/captcha-images-v3/uq3ye6.png,uq3ye6
Datasets/captcha-images-v3/bnmlx5.png,bnmlx5
Datasets/captcha-images-v3/MTNCub.png,MTNCub
Datasets/captcha-images-v3/zwE60S.png,zwE60S
Datasets/captcha-images-v3/U1lMqa.png,U1lMqa
Datasets/captcha-images-v3/sYrDgh.png,sYrDgh
Datasets/captcha-images-v3/Vcchr0.png,Vcchr0
Datasets/captcha-images-v3/Vi9eyC.png,Vi9eyC
Datasets/captcha-images-v3/rKt1eq.png,rKt1eq
Datasets/captcha-images-v3/Ngq0VA.png,Ngq0VA
Datasets/captcha-images-v3/XBsWFo.png,XBsWFo
Datasets/captcha-images-v3/grxB3R.png,grxB3R
Datasets/captcha-images-v3/DJsEXn.png,DJsEXn
Datasets/captcha-images-v3/BulPDB.png,BulPDB
Datasets/captcha-images-v3/gRsmbO.png,gRsmbO
Datasets/captcha-images-v3/vAaYY5.png,vAaYY5
Datasets/captcha-images-v3/guF6XU.png,guF6XU
Datasets/captcha-images-v3/mZSXDM.png,mZSXDM
Datasets/captcha-images-v3/4owpGM.png,4owpGM
Datasets/captcha-images-v3/AmEH8c.png,AmEH8c
Datasets/captcha-images-v3/uWESIK.png,uWESIK
Datasets/captcha-images-v3/Wpwaeh.png,Wpwaeh
Datasets/captcha-images-v3/qrccH8.png,qrccH8
Datasets/captcha-images-v3/Xih2yc.png,Xih2yc
Datasets/captcha-images-v3/9KmvtL.png,9KmvtL
Datasets/captcha-images-v3/JAIBUd.png,JAIBUd
Datasets/captcha-images-v3/ZCHJFl.png,ZCHJFl
Datasets/captcha-images-v3/Pqh3oI.png,Pqh3oI
Datasets/captcha-images-v3/80tstP.png,80tstP
Datasets/captcha-images-v3/xhgIfI.png,xhgIfI
Datasets/captcha-images-v3/qyE5gU.png,qyE5gU
Datasets/captcha-images-v3/z7wXt7.png,z7wXt7
Datasets/captcha-images-v3/CZr6Io.png,CZr6Io
Datasets/captcha-images-v3/sYBVKv.png,sYBVKv
Datasets/captcha-images-v3/agXdNb.png,agXdNb
Datasets/captcha-images-v3/CLloNJ.png,CLloNJ
Datasets/captcha-images-v3/No2dAn.png,No2dAn
Datasets/captcha-images-v3/bOqSWt.png,bOqSWt
Datasets/captcha-images-v3/G2plhy.png,G2plhy
Datasets/captcha-images-v3/Gspa11.png,Gspa11
Datasets/captcha-images-v3/0fxm3l.png,0fxm3l
Datasets/captcha-images-v3/uHUtgn.png,uHUtgn
Datasets/captcha-images-v3/Sr3ERt.png,Sr3ERt
Datasets/captcha-images-v3/g7qUDr.png,g7qUDr
Datasets/captcha-images-v3/xsv6XQ.png,xsv6XQ
Datasets/captcha-images-v3/iakGMd.png,iakGMd
Datasets/captcha-images-v3/TafxyX.png,TafxyX
Datasets/captcha-images-v3/Xmo5hQ.png,Xmo5hQ
Datasets/captcha-images-v3/1d2Qsf.png,1d2Qsf
Datasets/captcha-images-v3/HAIgcG.png,HAIgcG
Datasets/captcha-images-v3/8nNFav.png,8nNFav
Datasets/captcha-images-v3/2KGOGF.png,2KGOGF
Datasets/captcha-images-v3/csnGDC.png,csnGDC
Datasets/captcha-images-v3/AiJlBa.png,AiJlBa
Datasets/captcha-images-v3/WwFFnU.png,WwFFnU
Datasets/captcha-images-v3/fHhqBS.png,fHhqBS
Datasets/captcha-images-v3/9bpMu2.png,9bpMu2
Datasets/captcha-images-v3/G53RJ5.png,G53RJ5
Datasets/captcha-images-v3/FYCaQp.png,FYCaQp
Datasets/captcha-images-v3/V4wkRa.png,V4wkRa
Datasets/captcha-images-v3/4WP7JU.png,4WP7JU
Datasets/captcha-images-v3/A279Pq.png,A279Pq
Datasets/captcha-images-v3/gB3zdG.png,gB3zdG
Datasets/captcha-images-v3/p4crOg.png,p4crOg
Datasets/captcha-images-v3/ek6vtG.png,ek6vtG
Datasets/captcha-images-v3/9IKFBc.png,9IKFBc
Datasets/captcha-images-v3/MNqMHS.png,MNqMHS
Datasets/captcha-images-v3/9mladz.png,9mladz
Datasets/captcha-images-v3/562exf.png,562exf
Datasets/captcha-images-v3/m3VNVF.png,m3VNVF
Datasets/captcha-images-v3/Oy2Pys.png,Oy2Pys
Datasets/captcha-images-v3/kCQ8xK.png,kCQ8xK
Datasets/captcha-images-v3/DPLMDM.png,DPLMDM
Datasets/captcha-images-v3/6BqHlX.png,6BqHlX
Datasets/captcha-images-v3/kU8Mvb.png,kU8Mvb
Datasets/captcha-images-v3/DurqdE.png,DurqdE
Datasets/captcha-images-v3/NCruJc.png,NCruJc
Datasets/captcha-images-v3/EEBACJ.png,EEBACJ
Datasets/captcha-images-v3/4givcW.png,4givcW
Datasets/captcha-images-v3/yywCwn.png,yywCwn
Datasets/captcha-images-v3/vRe9OU.png,vRe9OU
Datasets/captcha-images-v3/2WC2nr.png,2WC2nr
Datasets/captcha-images-v3/9aCDe8.png,9aCDe8
Datasets/captcha-images-v3/5ORHFG.png,5ORHFG
Datasets/captcha-images-v3/WUtv7f.png,WUtv7f
Datasets/captcha-images-v3/IAFBgA.png,IAFBgA
Datasets/captcha-images-v3/WlPmR3.png,WlPmR3
Datasets/captcha-images-v3/C61Owf.png,C61Owf
Datasets/captcha-images-v3/F1DcPb.png,F1DcPb
Datasets/captcha-images-v3/PxmL30.png,PxmL30
Datasets/captcha-images-v3/k4l5dw.png,k4l5dw
Datasets/captcha-images-v3/S9ciuV.png,S9ciuV
Datasets/captcha-images-v3/R2sQCo.png,R2sQCo
Datasets/captcha-images-v3/S4RKr9.png,S4RKr9
Datasets/captcha-images-v3/WAV1GQ.png,WAV1GQ
Datasets/captcha-images-v3/lWPZNv.png,lWPZNv
Datasets/captcha-images-v3/NuWXLf.png,NuWXLf
Datasets/captcha-images-v3/DilWnh.png,DilWnh
Datasets/captcha-images-v3/g88AGG.png,g88AGG
Datasets/captcha-images-v3/XNapue.png,XNapue
Datasets/captcha-images-v3/LhCYA9.png,LhCYA9
Datasets/captcha-images-v3/YRnuTV.png,YRnuTV
Datasets/captcha-images-v3/P54BL7.png,P54BL7
Datasets/captcha-images-v3/bKRtOk.png,bKRtOk
Datasets/captcha-images-v3/1DgIyT.png,1DgIyT
Datasets/captcha-images-v3/t2Y0kc.png,t2Y0kc
Datasets/captcha-images-v3/y0KPax.png,y0KPax
Datasets/captcha-images-v3/O3hxEt.png,O3hxEt
Datasets/captcha-images-v3/tcthUg.png,tcthUg
Datasets/captcha-images-v3/JFxrPg.png,JFxrPg
Datasets/captcha-images-v3/txkhxY.png,txkhxY
Datasets/captcha-images-v3/iQ0iTs.png,iQ0iTs
Datasets/captcha-images-v3/xMJCE0.png,xMJCE0
Datasets/captcha-images-v3/vSVQv5.png,vSVQv5
Datasets/captcha-images-v3/iioXMC.png,iioXMC
Datasets/captcha-images-v3/RrqHgF.png,RrqHgF
Datasets/captcha-images-v3/dhzqyw.png,dhzqyw
Datasets/captcha-images-v3/2LCI6n.png,2LCI6n
Datasets/captcha-images-v3/TaGNMa.png,TaGNMa
Datasets/captcha-images-v3/2lagWo.png,2lagWo
Datasets/captcha-images-v3/oWD5wD.png,oWD5wD
Datasets/captcha-images-v3/L6khh6.png,L6khh6
Datasets/captcha-images-v3/7nyEnL.png,7nyEnL
Datasets/captcha-images-v3/L3s3RM.png,L3s3RM
Datasets/captcha-images-v3/1PEsEK.png,1PEsEK
Datasets/captcha-images-v3/4RqgMx.png,4RqgMx
Datasets/captcha-images-v3/EukcAv.png,EukcAv
Datasets/captcha-images-v3/pJ7Tu3.png,pJ7Tu3
Datasets/captcha-images-v3/mZiqgP.png,mZiqgP
Datasets/captcha-images-v3/nYFGtg.png,nYFGtg
Datasets/captcha-images-v3/MgLMNi.png,MgLMNi
Datasets/captcha-images-v3/2gFWPw.png,2gFWPw
Datasets/captcha-images-v3/V7phs0.png,V7phs0
Datasets/captcha-images-v3/dkK9Gq.png,dkK9Gq
Datasets/captcha-images-v3/VPP5xz.png,VPP5xz
Datasets/captcha-images-v3/fN6X9i.png,fN6X9i
Datasets/captcha-images-v3/WRbcFB.png,WRbcFB
Datasets/captcha-images-v3/SKkYiG.png,SKkYiG
Datasets/captcha-images-v3/Vfqe3o.png,Vfqe3o
Datasets/captcha-images-v3/aGgyWC.png,aGgyWC
Datasets/captcha-images-v3/GCLyPH.png,GCLyPH
Datasets/captcha-images-v3/GwYlIv.png,GwYlIv
Datasets/captcha-images-v3/qoT5qa.png,qoT5qa
Datasets/captcha-images-v3/ioF0pn.png,ioF0pn
Datasets/captcha-images-v3/ofWwcT.png,ofWwcT
Datasets/captcha-images-v3/3dl8Jn.png,3dl8Jn
Datasets/captcha-images-v3/eXg0Eu.png,eXg0Eu
Datasets/captcha-images-v3/uQRBc6.png,uQRBc6
Datasets/captcha-images-v3/9GgzpU.png,9GgzpU
Datasets/captcha-images-v3/Irsaks.png,Irsaks
Datasets/captcha-images-v3/rhzkon.png,rhzkon
Datasets/captcha-images-v3/XbwAe1.png,XbwAe1
Datasets/captcha-images-v3/dBww7w.png,dBww7w
Datasets/captcha-images-v3/6UrTeL.png,6UrTeL
Datasets/captcha-images-v3/pnsEnM.png,pnsEnM
Datasets/captcha-images-v3/DFuwfl.png,DFuwfl
Datasets/captcha-images-v3/fygoY1.png,fygoY1
Datasets/captcha-images-v3/zC60i1.png,zC60i1
Datasets/captcha-images-v3/WHJWLX.png,WHJWLX
Datasets/captcha-images-v3/ZOufEG.png,ZOufEG
Datasets/captcha-images-v3/fkbEfz.png,fkbEfz
Datasets/captcha-images-v3/vLiluW.png,vLiluW
Datasets/captcha-images-v3/2z74HO.png,2z74HO
Datasets/captcha-images-v3/7tx5ue.png,7tx5ue
Datasets/captcha-images-v3/KskaVv.png,KskaVv
Datasets/captcha-images-v3/D0YeH8.png,D0YeH8
Datasets/captcha-images-v3/HMZs7s.png,HMZs7s
Datasets/captcha-images-v3/e3nYaU.png,e3nYaU
Datasets/captcha-images-v3/a6MhSD.png,a6MhSD
Datasets/captcha-images-v3/xET726.png,xET726
Datasets/captcha-images-v3/qd0TxO.png,qd0TxO
Datasets/captcha-images-v3/41wvId.png,41wvId
Datasets/captcha-images-v3/OmOSry.png,OmOSry
Datasets/captcha-images-v3/m9EUQp.png,m9EUQp
Datasets/captcha-images-v3/o1DIC2.png,o1DIC2
Datasets/captcha-images-v3/Ps2qLU.png,Ps2qLU
Datasets/captcha-images-v3/CxLDYU.png,CxLDYU
Datasets/captcha-images-v3/GkVDYI.png,GkVDYI
Datasets/captcha-images-v3/dqcY92.png,dqcY92
Datasets/captcha-images-v3/s6riP2.png,s6riP2
Datasets/captcha-images-v3/h0obvy.png,h0obvy
Datasets/captcha-images-v3/4w8HTD.png,4w8HTD
Datasets/captcha-images-v3/Kzqqnw.png,Kzqqnw
Datasets/captcha-images-v3/C2YmWR.png,C2YmWR
Datasets/captcha-images-v3/mG4ok9.png,mG4ok9
Datasets/captcha-images-v3/yQMa1Z.png,yQMa1Z
Datasets/captcha-images-v3/xUJspK.png,xUJspK
Datasets/captcha-images-v3/p1QVvf.png,p1QVvf
Datasets/captcha-images-v3/O8Npah.png,O8Npah
Datasets/captcha-images-v3/LuoetD.png,LuoetD
Datasets/captcha-images-v3/C2WmMD.png,C2WmMD
Datasets/captcha-images-v3/A2OHgY.png,A2OHgY
Datasets/captcha-images-v3/MFmxi8.png,MFmxi8
Datasets/captcha-images-v3/gGUVDU.png,gGUVDU
Datasets/captcha-images-v3/dZT5ar.png,dZT5ar
Datasets/captcha-images-v3/8H6UOP.png,8H6UOP
Datasets/captcha-images-v3/Ikxg5L.png,Ikxg5L
Datasets/captcha-images-v3/tauEYA.png,tauEYA
Datasets/captcha-images-v3/Dc63iP.png,Dc63iP
Datasets/captcha-images-v3/Yscgpu.png,Yscgpu
Datasets/captcha-images-v3/WtvrNl.png,WtvrNl
Datasets/captcha-images-v3/GFgLkM.png,GFgLkM
Datasets/captcha-images-v3/Fa4cyc.png,Fa4cyc
Datasets/captcha-images-v3/pJY9Ea.png,pJY9Ea
Datasets/captcha-images-v3/4NeqZX.png,4NeqZX
Datasets/captcha-images-v3/y8F1J5.png,y8F1J5
Datasets/captcha-images-v3/17xq0u.png,17xq0u
Datasets/captcha-images-v3/wFskG5.png,wFskG5
Datasets/captcha-images-v3/t8bWyD.png,t8bWyD
Datasets/captcha-images-v3/gwK8uC.png,gwK8uC
Datasets/captcha-images-v3/q4ac5x.png,q4ac5x
Datasets/captcha-images-v3/3L6921.png,3L6921
Datasets/captcha-images-v3/c5fkoY.png,c5fkoY
Datasets/captcha-images-v3/px2gKI.png,px2gKI
Datasets/captcha-images-v3/ENQFUJ.png,ENQFUJ
Datasets/captcha-images-v3/gcNhS0.png,gcNhS0
Datasets/captcha-images-v3/QZqmFd.png,QZqmFd
Datasets/captcha-images-v3/1gtd1J.png,1gtd1J
Datasets/captcha-images-v3/THvocl.png,THvocl
Datasets/captcha-images-v3/Obg5pG.png,Obg5pG
Datasets/captcha-images-v3/0OBBDq.png,0OBBDq
Datasets/captcha-images-v3/Cgumut.png,Cgumut
Datasets/captcha-images-v3/BKtO9L.png,BKtO9L
Datasets/captcha-images-v3/bxY4em.png,bxY4em
Datasets/captcha-images-v3/xa6X78.png,xa6X78
Datasets/captcha-images-v3/mQDqov.png,mQDqov
Datasets/captcha-images-v3/1RswYT.png,1RswYT
Datasets/captcha-images-v3/4qjklW.png,4qjklW
Datasets/captcha-images-v3/o4QVE3.png,o4QVE3
Datasets/captcha-images-v3/iNEVJW.png,iNEVJW
Datasets/captcha-images-v3/zrLBKa.png,zrLBKa
Datasets/captcha-images-v3/pW2s0u.png,pW2s0u
Datasets/captcha-images-v3/ZvWNJ0.png,ZvWNJ0
Datasets/captcha-images-v3/fBp03r.png,fBp03r
Datasets/captcha-images-v3/VEoNQK.png,VEoNQK
Datasets/captcha-images-v3/cHlLrw.png,cHlLrw
Datasets/captcha-images-v3/yHeGri.png,yHeGri
Datasets/captcha-images-v3/qVzgVB.png,qVzgVB
Datasets/captcha-images-v3/S2Y3kI.png,S2Y3kI
Datasets/captcha-images-v3/mXfmYm.png,mXfmYm
Datasets/captcha-images-v3/DwnvAL.png,DwnvAL
Datasets/captcha-images-v3/N9S1sR.png,N9S1sR
Datasets/captcha-images-v3/maorBX.png,maorBX
Datasets/captcha-images-v3/ftMl0g.png,ftMl0g
Datasets/captcha-images-v3/30gkTC.png,30gkTC
Datasets/captcha-images-v3/JDKFyf.png,JDKFyf
Datasets/captcha-images-v3/Xnlemy.png,Xnlemy
Datasets/captcha-images-v3/rL6UPd.png,rL6UPd
Datasets/captcha-images-v3/780tND.png,780tND
Datasets/captcha-images-v3/2dJwHk.png,2dJwHk
Datasets/captcha-images-v3/9Ev22S.png,9Ev22S
Datasets/captcha-images-v3/noGY4A.png,noGY4A
Datasets/captcha-images-v3/7Qgg4g.png,7Qgg4g
Datasets/captcha-images-v3/EJ8thI.png,EJ8thI
Datasets/captcha-images-v3/CqmG3s.png,CqmG3s
Datasets/captcha-images-v3/zTZ15L.png,zTZ15L
Datasets/captcha-images-v3/7PsZuz.png,7PsZuz
Datasets/captcha-images-v3/HIG8VN.png,HIG8VN
Datasets/captcha-images-v3/i51vZm.png,i51vZm
Datasets/captcha-images-v3/h5QuFu.png,h5QuFu
Datasets/captcha-images-v3/J7wyFc.png,J7wyFc
Datasets/captcha-images-v3/7rGen7.png,7rGen7
Datasets/captcha-images-v3/kuIZi1.png,kuIZi1
Datasets/captcha-images-v3/SXZ6un.png,SXZ6un
Datasets/captcha-images-v3/RM1HKl.png,RM1HKl
Datasets/captcha-images-v3/hVdQ6x.png,hVdQ6x
Datasets/captcha-images-v3/Win0OJ.png,Win0OJ
Datasets/captcha-images-v3/bZTPS4.png,bZTPS4
Datasets/captcha-images-v3/GmJ5Nr.png,GmJ5Nr
Datasets/captcha-images-v3/vhhbST.png,vhhbST
Datasets/captcha-images-v3/T4oI0d.png,T4oI0d
Datasets/captcha-images-v3/hQHStY.png,hQHStY
Datasets/captcha-images-v3/K5FxrQ.png,K5FxrQ
Datasets/captcha-images-v3/nnc2La.png,nnc2La
Datasets/captcha-images-v3/mtxEdI.png,mtxEdI
Datasets/captcha-images-v3/zTgxgz.png,zTgxgz
Datasets/captcha-images-v3/B5pr5h.png,B5pr5h
Datasets/captcha-images-v3/Z1xeRN.png,Z1xeRN
Datasets/captcha-images-v3/900pP3.png,900pP3
Datasets/captcha-images-v3/i2zgWo.png,i2zgWo
Datasets/captcha-images-v3/PIbUgo.png,PIbUgo
Datasets/captcha-images-v3/2TDqza.png,2TDqza
Datasets/captcha-images-v3/xNCHrg.png,xNCHrg
Datasets/captcha-images-v3/4khqrW.png,4khqrW
Datasets/captcha-images-v3/hXy154.png,hXy154
Datasets/captcha-images-v3/n7sNtw.png,n7sNtw
Datasets/captcha-images-v3/tDKZum.png,tDKZum
Datasets/captcha-images-v3/7NRqI1.png,7NRqI1
Datasets/captcha-images-v3/r9Sdgk.png,r9Sdgk
Datasets/captcha-images-v3/5uiOnx.png,5uiOnx
Datasets/captcha-images-v3/ZeR25p.png,ZeR25p
Datasets/captcha-images-v3/tCkvEy.png,tCkvEy
Datasets/captcha-images-v3/gQTwY2.png,gQTwY2
Datasets/captcha-images-v3/a2EgM3.png,a2EgM3
Datasets/captcha-images-v3/yrTXCm.png,yrTXCm
Datasets/captcha-images-v3/VMD965.png,VMD965
Datasets/captcha-images-v3/Ce1T4U.png,Ce1T4U
Datasets/captcha-images-v3/sMSFUf.png,sMSFUf
Datasets/captcha-images-v3/RHscJZ.png,RHscJZ
Datasets/captcha-images-v3/ql8hkg.png,ql8hkg
Datasets/captcha-images-v3/oby333.png,oby333
Datasets/captcha-images-v3/1PLDE9.png,1PLDE9
Datasets/captcha-images-v3/hFl44P.png,hFl44P
Datasets/captcha-images-v3/CyV93q.png,CyV93q
Datasets/captcha-images-v3/4MeZrm.png,4MeZrm
Datasets/captcha-images-v3/CwPWUi.png,CwPWUi
Datasets/captcha-images-v3/eriTGk.png,eriTGk
Datasets/captcha-images-v3/gxwTaD.png,gxwTaD
Datasets/captcha-images-v3/6hlfVD.png,6hlfVD
Datasets/captcha-images-v3/Yeaa5p.png,Yeaa5p
Datasets/captcha-images-v3/FJ6FG8.png,FJ6FG8
Datasets/captcha-images-v3/wdLrXR.png,wdLrXR
Datasets/captcha-images-v3/EexNUw.png,EexNUw
Datasets/captcha-images-v3/ugCU6H.png,ugCU6H
Datasets/captcha-images-v3/e2VDVx.png,e2VDVx
Datasets/captcha-images-v3/oSPkWs.png,oSPkWs
Datasets/captcha-images-v3/eYvhQA.png,eYvhQA
Datasets/captcha-images-v3/TTPpk6.png,TTPpk6
Datasets/captcha-images-v3/q5ZFGH.png,q5ZFGH
Datasets/captcha-images-v3/cPBG9i.png,cPBG9i
Datasets/captcha-images-v3/SFe2zS.png,SFe2zS
Datasets/captcha-images-v3/1Dw6SK.png,1Dw6SK
Datasets/captcha-images-v3/aaRhM6.png,aaRhM6
Datasets/captcha-images-v3/t799Su.png,t799Su
Datasets/captcha-images-v3/pEecCGX.png,pEecCGX
Datasets/captcha-images-v3/RsMcpM.png,RsMcpM
Datasets/captcha-images-v3/bEZnva.png,bEZnva
Datasets/captcha-images-v3/XKKCmX.png,XKKCmX
Datasets/captcha-images-v3/FV3fhP.png,FV3fhP
Datasets/captcha-images-v3/fuBb5o.png,fuBb5o
Datasets/captcha-images-v3/P25AXO.png,P25AXO
Datasets/captcha-images-v3/gRoD17.png,gRoD17
Datasets/captcha-images-v3/q1hB56.png,q1hB56
Datasets/captcha-images-v3/ICIhc7.png,ICIhc7
Datasets/captcha-images-v3/xsYDyR.png,xsYDyR
Datasets/captcha-images-v3/PfWuuz.png,PfWuuz
Datasets/captcha-images-v3/ptTMaI.png,ptTMaI
Datasets/captcha-images-v3/GqlF49.png,GqlF49
Datasets/captcha-images-v3/pEZ8mC.png,pEZ8mC
Datasets/captcha-images-v3/QShFup.png,QShFup
Datasets/captcha-images-v3/2nBVRN.png,2nBVRN
Datasets/captcha-images-v3/4Unskb.png,4Unskb
Datasets/captcha-images-v3/7Hr35H.png,7Hr35H
Datasets/captcha-images-v3/9fwMOD.png,9fwMOD
Datasets/captcha-images-v3/L9uJQN.png,L9uJQN
Datasets/captcha-images-v3/ZyEkq6.png,ZyEkq6
Datasets/captcha-images-v3/inWgaJ.png,inWgaJ
Datasets/captcha-images-v3/Mt83cm.png,Mt83cm
Datasets/captcha-images-v3/EoXbYR.png,EoXbYR
Datasets/captcha-images-v3/Xc3h9k.png,Xc3h9k
Datasets/captcha-images-v3/Qmd8Se.png,Qmd8Se
Datasets/captcha-images-v3/quXvKR.png,quXvKR
Datasets/captcha-images-v3/foypf7.png,foypf7
Datasets/captcha-images-v3/JmtvSD.png,JmtvSD
Datasets/captcha-images-v3/UCnVZ8.png,UCnVZ8
Datasets/captcha-images-v3/VtEhCt.png,VtEhCt
Datasets/captcha-images-v3/p2zMkK.png,p2zMkK
Datasets/captcha-images-v3/agyHzb.png,agyHzb
Datasets/captcha-images-v3/lxVgro.png,lxVgro
Datasets/captcha-images-v3/wnaJu0.png,wnaJu0
Datasets/captcha-images-v3/REy1aZ.png,REy1aZ
Datasets/captcha-images-v3/q88W0U.png,q88W0U
Datasets/captcha-images-v3/fxUHeC.png,fxUHeC
Datasets/captcha-images-v3/FeFXJN.png,FeFXJN
Datasets/captcha-images-v3/ftR15O.png,ftR15O
Datasets/captcha-images-v3/9qPOzW.png,9qPOzW
Datasets/captcha-images-v3/nnzxZt.png,nnzxZt
Datasets/captcha-images-v3/tknuSv.png,tknuSv
Datasets/captcha-images-v3/IQ9IZV.png,IQ9IZV
Datasets/captcha-images-v3/sSiic5.png,sSiic5
Datasets/captcha-images-v3/xZWlsB.png,xZWlsB
Datasets/captcha-images-v3/pQLHET.png,pQLHET
Datasets/captcha-images-v3/u9zgw8.png,u9zgw8
Datasets/captcha-images-v3/yL6z72.png,yL6z72
Datasets/captcha-images-v3/oKaDNJ.png,oKaDNJ
Datasets/captcha-images-v3/YOoglf.png,YOoglf
Datasets/captcha-images-v3/atbEnd.png,atbEnd
Datasets/captcha-images-v3/MsQq9n.png,MsQq9n
Datasets/captcha-images-v3/Ey9TeI.png,Ey9TeI
Datasets/captcha-images-v3/xtL3JC.png,xtL3JC
Datasets/captcha-images-v3/h1KHgS.png,h1KHgS
Datasets/captcha-images-v3/4t46k2.png,4t46k2
Datasets/captcha-images-v3/dtzLrG.png,dtzLrG
Datasets/captcha-images-v3/DF58lu.png,DF58lu
Datasets/captcha-images-v3/gD9nrv.png,gD9nrv
Datasets/captcha-images-v3/C1zOL9.png,C1zOL9
Datasets/captcha-images-v3/3fgcJ5.png,3fgcJ5
Datasets/captcha-images-v3/1BZskn.png,1BZskn
Datasets/captcha-images-v3/olyYPQ.png,olyYPQ
Datasets/captcha-images-v3/QFw6pA.png,QFw6pA
Datasets/captcha-images-v3/HlXpgo.png,HlXpgo
Datasets/captcha-images-v3/K6s0FA.png,K6s0FA
Datasets/captcha-images-v3/qFzyQz.png,qFzyQz
Datasets/captcha-images-v3/ZAs48w.png,ZAs48w
Datasets/captcha-images-v3/nUKDO1.png,nUKDO1
Datasets/captcha-images-v3/WrhRwz.png,WrhRwz
Datasets/captcha-images-v3/ebI1HB.png,ebI1HB
Datasets/captcha-images-v3/XoUm7z.png,XoUm7z
Datasets/captcha-images-v3/yHiWn4.png,yHiWn4
Datasets/captcha-images-v3/Qv66sA.png,Qv66sA
Datasets/captcha-images-v3/KlehaT.png,KlehaT
Datasets/captcha-images-v3/HW2U26.png,HW2U26
Datasets/captcha-images-v3/i5WMDn.png,i5WMDn
Datasets/captcha-images-v3/Owb7Mv.png,Owb7Mv
Datasets/captcha-images-v3/xR7qyH.png,xR7qyH
Datasets/captcha-images-v3/HlPfGZ.png,HlPfGZ
Datasets/captcha-images-v3/KdTlAE.png,KdTlAE
Datasets/captcha-images-v3/9TEPrO.png,9TEPrO
Datasets/captcha-images-v3/3mHbtL.png,3mHbtL
Datasets/captcha-images-v3/WJiZ48.png,WJiZ48
Datasets/captcha-images-v3/Zn7Bgn.png,Zn7Bgn
Datasets/captcha-images-v3/SvoTBi.png,SvoTBi
Datasets/captcha-images-v3/6vTQSp.png,6vTQSp
Datasets/captcha-images-v3/IS9HgM.png,IS9HgM
Datasets/captcha-images-v3/UhWXGK.png,UhWXGK
Datasets/captcha-images-v3/utRwoi.png,utRwoi
Datasets/captcha-images-v3/p0u3Bg.png,p0u3Bg
Datasets/captcha-images-v3/le5BrC.png,le5BrC
Datasets/captcha-images-v3/3XUL55.png,3XUL55
Datasets/captcha-images-v3/KKFemw.png,KKFemw
Datasets/captcha-images-v3/CriJIi.png,CriJIi
Datasets/captcha-images-v3/qc7w5q.png,qc7w5q
Datasets/captcha-images-v3/ORYLg5.png,ORYLg5
Datasets/captcha-images-v3/bl7ipy.png,bl7ipy
Datasets/captcha-images-v3/OgdZxa.png,OgdZxa
Datasets/captcha-images-v3/JlRXYX.png,JlRXYX
Datasets/captcha-images-v3/5bMofA.png,5bMofA
Datasets/captcha-images-v3/pn4Rxh.png,pn4Rxh
Datasets/captcha-images-v3/bdLPpX.png,bdLPpX
Datasets/captcha-images-v3/m5movq.png,m5movq
Datasets/captcha-images-v3/reOS8X.png,reOS8X
Datasets/captcha-images-v3/W9MxSL.png,W9MxSL
Datasets/captcha-images-v3/82Vqid.png,82Vqid
Datasets/captcha-images-v3/ZmTLpC.png,ZmTLpC
Datasets/captcha-images-v3/Y3l2y1.png,Y3l2y1
Datasets/captcha-images-v3/kg53RY.png,kg53RY
Datasets/captcha-images-v3/gwwZpM.png,gwwZpM
Datasets/captcha-images-v3/h7TDxe.png,h7TDxe
Datasets/captcha-images-v3/LMD2LW.png,LMD2LW
Datasets/captcha-images-v3/1OKHxM.png,1OKHxM
Datasets/captcha-images-v3/KTimcB.png,KTimcB
Datasets/captcha-images-v3/0B1Z98.png,0B1Z98
Datasets/captcha-images-v3/a5V6p0.png,a5V6p0
Datasets/captcha-images-v3/p4RfGA.png,p4RfGA
Datasets/captcha-images-v3/3vpx5c.png,3vpx5c
Datasets/captcha-images-v3/qrduXw.png,qrduXw
Datasets/captcha-images-v3/vmYvAQ.png,vmYvAQ
Datasets/captcha-images-v3/6hn66U.png,6hn66U
Datasets/captcha-images-v3/Sw2KK6.png,Sw2KK6
Datasets/captcha-images-v3/CSwqJE.png,CSwqJE
Datasets/captcha-images-v3/e0JviP.png,e0JviP
Datasets/captcha-images-v3/Yizdiq.png,Yizdiq
Datasets/captcha-images-v3/tPUEMh.png,tPUEMh
Datasets/captcha-images-v3/UDNx2W.png,UDNx2W
Datasets/captcha-images-v3/ZP1kSE.png,ZP1kSE
Datasets/captcha-images-v3/3fTptT.png,3fTptT
Datasets/captcha-images-v3/4zpYz2.png,4zpYz2
Datasets/captcha-images-v3/3R5B0J.png,3R5B0J
Datasets/captcha-images-v3/02w91R.png,02w91R
Datasets/captcha-images-v3/C6gqpT.png,C6gqpT
Datasets/captcha-images-v3/9elcJK.png,9elcJK
Datasets/captcha-images-v3/lAKkRC.png,lAKkRC
Datasets/captcha-images-v3/WK0DVi.png,WK0DVi
Datasets/captcha-images-v3/YJ1D8k.png,YJ1D8k
Datasets/captcha-images-v3/bge0E3.png,bge0E3
Datasets/captcha-images-v3/9ff6cr.png,9ff6cr
Datasets/captcha-images-v3/CPFvCM.png,CPFvCM
Datasets/captcha-images-v3/8DG8cq.png,8DG8cq
Datasets/captcha-images-v3/rMM7Ab.png,rMM7Ab
Datasets/captcha-images-v3/f7nvls.png,f7nvls
Datasets/captcha-images-v3/RlG6I6.png,RlG6I6
Datasets/captcha-images-v3/d35za1.png,d35za1
Datasets/captcha-images-v3/l28TaD.png,l28TaD
Datasets/captcha-images-v3/NSqUk6.png,NSqUk6
Datasets/captcha-images-v3/MdBAkU.png,MdBAkU
Datasets/captcha-images-v3/J3h2UB.png,J3h2UB
Datasets/captcha-images-v3/dayYhe.png,dayYhe
Datasets/captcha-images-v3/Dly1mu.png,Dly1mu
Datasets/captcha-images-v3/EXZUCu.png,EXZUCu
Datasets/captcha-images-v3/OROJyy.png,OROJyy
Datasets/captcha-images-v3/EMgHeA.png,EMgHeA
Datasets/captcha-images-v3/AQMPdv.png,AQMPdv
Datasets/captcha-images-v3/b10pyO.png,b10pyO
Datasets/captcha-images-v3/rxoMfg.png,rxoMfg
Datasets/captcha-images-v3/hccFm4.png,hccFm4
Datasets/captcha-images-v3/aiDncp.png,aiDncp
Datasets/captcha-images-v3/omvhaG.png,omvhaG
Datasets/captcha-images-v3/uf8b6h.png,uf8b6h
Datasets/captcha-images-v3/w95JHH.png,w95JHH
Datasets/captcha-images-v3/mDgdP4.png,mDgdP4
Datasets/captcha-images-v3/iBYpki.png,iBYpki
Datasets/captcha-images-v3/JU9kyO.png,JU9kyO
Datasets/captcha-images-v3/G4tpcF.png,G4tpcF
Datasets/captcha-images-v3/IgMmUW.png,IgMmUW
Datasets/captcha-images-v3/iQeEmU.png,iQeEmU
Datasets/captcha-images-v3/z64GSm.png,z64GSm
Datasets/captcha-images-v3/g383QL.png,g383QL
Datasets/captcha-images-v3/7EY4lG.png,7EY4lG
Datasets/captcha-images-v3/C4tlaH.png,C4tlaH
Datasets/captcha-images-v3/gmhCOR.png,gmhCOR
Datasets/captcha-images-v3/mhMGuT.png,mhMGuT
Datasets/captcha-images-v3/PJTtWS.png,PJTtWS
Datasets/captcha-images-v3/okCCmH.png,okCCmH
Datasets/captcha-images-v3/h6TfEE.png,h6TfEE
Datasets/captcha-images-v3/z5oYI9.png,z5oYI9
Datasets/captcha-images-v3/KqoBgh.png,KqoBgh
Datasets/captcha-images-v3/Pg6gfY.png,Pg6gfY
Datasets/captcha-images-v3/VJiMlF.png,VJiMlF
Datasets/captcha-images-v3/aRpJ1t.png,aRpJ1t
Datasets/captcha-images-v3/SW50p3.png,SW50p3
Datasets/captcha-images-v3/K2bgJC.png,K2bgJC
Datasets/captcha-images-v3/Hg3WO7.png,Hg3WO7
Datasets/captcha-images-v3/sKajhX.png,sKajhX
Datasets/captcha-images-v3/vzSWFe.png,vzSWFe
Datasets/captcha-images-v3/l5bkA3.png,l5bkA3
Datasets/captcha-images-v3/v1zKmA.png,v1zKmA
Datasets/captcha-images-v3/P5Cg2z.png,P5Cg2z
Datasets/captcha-images-v3/B6cxmd.png,B6cxmd
Datasets/captcha-images-v3/HneOfN.png,HneOfN
Datasets/captcha-images-v3/D647Ik.png,D647Ik
Datasets/captcha-images-v3/iKwKOX.png,iKwKOX
Datasets/captcha-images-v3/v5idtX.png,v5idtX
Datasets/captcha-images-v3/0JAuVX.png,0JAuVX
Datasets/captcha-images-v3/wtBJMA.png,wtBJMA
Datasets/captcha-images-v3/HrS3Ug.png,HrS3Ug
Datasets/captcha-images-v3/7Z5piq.png,7Z5piq
Datasets/captcha-images-v3/WrEMVD.png,WrEMVD
Datasets/captcha-images-v3/Gb1D9H.png,Gb1D9H
Datasets/captcha-images-v3/aUBESF.png,aUBESF
Datasets/captcha-images-v3/smIsrS.png,smIsrS
Datasets/captcha-images-v3/ogllU7.png,ogllU7
Datasets/captcha-images-v3/eyglKN.png,eyglKN
Datasets/captcha-images-v3/pyAuKd.png,pyAuKd
Datasets/captcha-images-v3/yWl5gm.png,yWl5gm
Datasets/captcha-images-v3/sJrqgl.png,sJrqgl
Datasets/captcha-images-v3/6ltRo2.png,6ltRo2
Datasets/captcha-images-v3/TOCSfq.png,TOCSfq
Datasets/captcha-images-v3/aA9nw9.png,aA9nw9
Datasets/captcha-images-v3/vsCNTq.png,vsCNTq
Datasets/captcha-images-v3/REBtUy.png,REBtUy
Datasets/captcha-images-v3/KChnts.png,KChnts
Datasets/captcha-images-v3/O9oDmd.png,O9oDmd
Datasets/captcha-images-v3/YnwGzG.png,YnwGzG
Datasets/captcha-images-v3/9KSBNn.png,9KSBNn
Datasets/captcha-images-v3/GAvhST.png,GAvhST
Datasets/captcha-images-v3/dNJOuT.png,dNJOuT
Datasets/captcha-images-v3/1OWh8S.png,1OWh8S
Datasets/captcha-images-v3/3z3tay.png,3z3tay
Datasets/captcha-images-v3/5eDEYy.png,5eDEYy
Datasets/captcha-images-v3/92J7H5.png,92J7H5
Datasets/captcha-images-v3/p8sy1Q.png,p8sy1Q
Datasets/captcha-images-v3/AeCOUi.png,AeCOUi
Datasets/captcha-images-v3/hQHxbK.png,hQHxbK
Datasets/captcha-images-v3/ee8hIh.png,ee8hIh
Datasets/captcha-images-v3/ylVvMx.png,ylVvMx
Datasets/captcha-images-v3/Rl9uqP.png,Rl9uqP
Datasets/captcha-images-v3/srKzPA.png,srKzPA
Datasets/captcha-images-v3/sssyGi.png,sssyGi
Datasets/captcha-images-v3/oUrpA0.png,oUrpA0
Datasets/captcha-images-v3/Sicyha.png,Sicyha
Datasets/captcha-images-v3/WLXzbA.png,WLXzbA
Datasets/captcha-images-v3/PQF2IY.png,PQF2IY
Datasets/captcha-images-v3/5qYJr4.png,5qYJr4
Datasets/captcha-images-v3/lxs7tl.png,lxs7tl
Datasets/captcha-images-v3/2Mwgv5.png,2Mwgv5
Datasets/captcha-images-v3/KpXSff.png,KpXSff
Datasets/captcha-images-v3/gHkzBU.png,gHkzBU
Datasets/captcha-images-v3/X4OMX6.png,X4OMX6
Datasets/captcha-images-v3/nOOVY1.png,nOOVY1
Datasets/captcha-images-v3/e5CTNd.png,e5CTNd
Datasets/captcha-images-v3/BbGOTY.png,BbGOTY
Datasets/captcha-images-v3/9AdRoy.png,9AdRoy
Datasets/captcha-images-v3/gPWAgx.png,gPWAgx
Datasets/captcha-images-v3/hpSipu.png,hpSipu
Datasets/captcha-images-v3/kL7fyz.png,kL7fyz
Datasets/captcha-images-v3/Z90acp.png,Z90acp
Datasets/captcha-images-v3/LG1AU9.png,LG1AU9
Datasets/captcha-images-v3/IDgWiN.png,IDgWiN
Datasets/captcha-images-v3/AQhdNc.png,AQhdNc
Datasets/captcha-images-v3/tBerSd.png,tBerSd
Datasets/captcha-images-v3/VhEhwB.png,VhEhwB
Datasets/captcha-images-v3/Nyo3Xv.png,Nyo3Xv
Datasets/captcha-images-v3/GSV0ng.png,GSV0ng
Datasets/captcha-images-v3/OTcVVS.png,OTcVVS
Datasets/captcha-images-v3/yQQHZK.png,yQQHZK
Datasets/captcha-images-v3/gnV0DP.png,gnV0DP
Datasets/captcha-images-v3/7JTeI8.png,7JTeI8
Datasets/captcha-images-v3/HKBnyx.png,HKBnyx
Datasets/captcha-images-v3/vyunHl.png,vyunHl
Datasets/captcha-images-v3/dTwXxq.png,dTwXxq
Datasets/captcha-images-v3/4O8pMZ.png,4O8pMZ
Datasets/captcha-images-v3/omRi8T.png,omRi8T
Datasets/captcha-images-v3/ys9cgp.png,ys9cgp
Datasets/captcha-images-v3/kT6OgU.png,kT6OgU
Datasets/captcha-images-v3/Qh1YlQ.png,Qh1YlQ
Datasets/captcha-images-v3/PVIuuJ.png,PVIuuJ
Datasets/captcha-images-v3/1NWs6H.png,1NWs6H
Datasets/captcha-images-v3/fbecuY.png,fbecuY
Datasets/captcha-images-v3/BaXBb6.png,BaXBb6
Datasets/captcha-images-v3/nIgHNK.png,nIgHNK
Datasets/captcha-images-v3/IySFEH.png,IySFEH
Datasets/captcha-images-v3/QR9Gfs.png,QR9Gfs
Datasets/captcha-images-v3/hzLuos.png,hzLuos
Datasets/captcha-images-v3/kkPR3t.png,kkPR3t
Datasets/captcha-images-v3/XFfycQ.png,XFfycQ
Datasets/captcha-images-v3/v4XyFV.png,v4XyFV
Datasets/captcha-images-v3/av4Ns6.png,av4Ns6
Datasets/captcha-images-v3/rg76nU.png,rg76nU
Datasets/captcha-images-v3/1SZYxV.png,1SZYxV
Datasets/captcha-images-v3/vIg26M.png,vIg26M
Datasets/captcha-images-v3/tV1P80.png,tV1P80
Datasets/captcha-images-v3/mxezVZ.png,mxezVZ
Datasets/captcha-images-v3/2i0vt5.png,2i0vt5
Datasets/captcha-images-v3/Vm1u5E.png,Vm1u5E
Datasets/captcha-images-v3/CBFzcD.png,CBFzcD
Datasets/captcha-images-v3/STOxq4.png,STOxq4
Datasets/captcha-images-v3/rbpM5g.png,rbpM5g
Datasets/captcha-images-v3/qsHxHU.png,qsHxHU
Datasets/captcha-images-v3/rFCmZD.png,rFCmZD
Datasets/captcha-images-v3/3A8YoR.png,3A8YoR
Datasets/captcha-images-v3/HUEFgf.png,HUEFgf
Datasets/captcha-images-v3/xOVnx7.png,xOVnx7
Datasets/captcha-images-v3/9Be9Gu.png,9Be9Gu
Datasets/captcha-images-v3/iCVqAM.png,iCVqAM
Datasets/captcha-images-v3/yDuzLS.png,yDuzLS
Datasets/captcha-images-v3/68Alha.png,68Alha
Datasets/captcha-images-v3/yMMvHi.png,yMMvHi
Datasets/captcha-images-v3/n09Fqk.png,n09Fqk
Datasets/captcha-images-v3/dPeevr.png,dPeevr
Datasets/captcha-images-v3/vAB4QB.png,vAB4QB
Datasets/captcha-images-v3/ufqxTn.png,ufqxTn
Datasets/captcha-images-v3/gy8pcY.png,gy8pcY
Datasets/captcha-images-v3/oCmfGh.png,oCmfGh
Datasets/captcha-images-v3/ZipryO.png,ZipryO
Datasets/captcha-images-v3/iuubYl.png,iuubYl
Datasets/captcha-images-v3/lXxVXl.png,lXxVXl
Datasets/captcha-images-v3/1eSxna.png,1eSxna
Datasets/captcha-images-v3/aWtlCi.png,aWtlCi
Datasets/captcha-images-v3/AOAAIC.png,AOAAIC
Datasets/captcha-images-v3/Tg0qie.png,Tg0qie
Datasets/captcha-images-v3/DDnQUM.png,DDnQUM
Datasets/captcha-images-v3/LgnL3K.png,LgnL3K
Datasets/captcha-images-v3/yno2In.png,yno2In
Datasets/captcha-images-v3/gtgm31.png,gtgm31
Datasets/captcha-images-v3/MlriSg.png,MlriSg
Datasets/captcha-images-v3/S65VrM.png,S65VrM
Datasets/captcha-images-v3/pEwy1X.png,pEwy1X
Datasets/captcha-images-v3/FfiVaN.png,FfiVaN
Datasets/captcha-images-v3/fNH6r3.png,fNH6r3
Datasets/captcha-images-v3/335ygb.png,335ygb
Datasets/captcha-images-v3/DIcfaT.png,DIcfaT
Datasets/captcha-images-v3/O8f6LX.png,O8f6LX
Datasets/captcha-images-v3/7s8QQL.png,7s8QQL
Datasets/captcha-images-v3/cKekOp.png,cKekOp
Datasets/captcha-images-v3/lWkvyu.png,lWkvyu
Datasets/captcha-images-v3/c3ET83.png,c3ET83
Datasets/captcha-images-v3/T9Oorb.png,T9Oorb
Datasets/captcha-images-v3/6Ewd6w.png,6Ewd6w
Datasets/captcha-images-v3/PLoMgA.png,PLoMgA
Datasets/captcha-images-v3/gRv9Yq.png,gRv9Yq
Datasets/captcha-images-v3/lBgtwO.png,lBgtwO
Datasets/captcha-images-v3/fKfVGT.png,fKfVGT
Datasets/captcha-images-v3/esFz0s.png,esFz0s
Datasets/captcha-images-v3/6zCXqy.png,6zCXqy
Datasets/captcha-images-v3/eCry4d.png,eCry4d
Datasets/captcha-images-v3/0qK7Fz.png,0qK7Fz
Datasets/captcha-images-v3/nUeFOH.png,nUeFOH
Datasets/captcha-images-v3/ecgqQc.png,ecgqQc
Datasets/captcha-images-v3/ooUa1U.png,ooUa1U
Datasets/captcha-images-v3/0h4fYZ.png,0h4fYZ
Datasets/captcha-images-v3/8t5Qp4.png,8t5Qp4
Datasets/captcha-images-v3/eH1Fx7.png,eH1Fx7
Datasets/captcha-images-v3/YPoXy3.png,YPoXy3
Datasets/captcha-images-v3/C08sqp.png,C08sqp
Datasets/captcha-images-v3/2yrX0r.png,2yrX0r
Datasets/captcha-images-v3/DKLrBY.png,DKLrBY
Datasets/captcha-images-v3/2izHGC.png,2izHGC
Datasets/captcha-images-v3/BVq5ld.png,BVq5ld
Datasets/captcha-images-v3/bBHnsg.png,bBHnsg
Datasets/captcha-images-v3/SSg095.png,SSg095
Datasets/captcha-images-v3/OpkgF7.png,OpkgF7
Datasets/captcha-images-v3/3YKiSD.png,3YKiSD
Datasets/captcha-images-v3/cUPX6c.png,cUPX6c
Datasets/captcha-images-v3/o4Q6do.png,o4Q6do
Datasets/captcha-images-v3/WQ0B6i.png,WQ0B6i
Datasets/captcha-images-v3/TxFQxn.png,TxFQxn
Datasets/captcha-images-v3/Z1XBLE.png,Z1XBLE
Datasets/captcha-images-v3/WA1lKM.png,WA1lKM
Datasets/captcha-images-v3/mNoxIL.png,mNoxIL
Datasets/captcha-images-v3/gmg4s7.png,gmg4s7
Datasets/captcha-images-v3/yh7uM8.png,yh7uM8
Datasets/captcha-images-v3/u85rWA.png,u85rWA
Datasets/captcha-images-v3/TbI7MR.png,TbI7MR
Datasets/captcha-images-v3/duEe2c.png,duEe2c
Datasets/captcha-images-v3/RgAQgz.png,RgAQgz
Datasets/captcha-images-v3/2Sxm7G.png,2Sxm7G
Datasets/captcha-images-v3/mScPgR.png,mScPgR
Datasets/captcha-images-v3/NJsN16.png,NJsN16
Datasets/captcha-images-v3/i9Yyxo.png,i9Yyxo
Datasets/captcha-images-v3/CpZE7o.png,CpZE7o
Datasets/captcha-images-v3/8xRJKI.png,8xRJKI
Datasets/captcha-images-v3/C0HJlZ.png,C0HJlZ
Datasets/captcha-images-v3/eYloce.png,eYloce
Datasets/captcha-images-v3/dYY4Ts.png,dYY4Ts
Datasets/captcha-images-v3/m02QxM.png,m02QxM
Datasets/captcha-images-v3/FoMlKs.png,FoMlKs
Datasets/captcha-images-v3/Op2TKK.png,Op2TKK
Datasets/captcha-images-v3/VK7yIC.png,VK7yIC
Datasets/captcha-images-v3/c70YcT.png,c70YcT
Datasets/captcha-images-v3/YIWnrC.png,YIWnrC
Datasets/captcha-images-v3/0PAdkR.png,0PAdkR
Datasets/captcha-images-v3/sf2Oc9.png,sf2Oc9
Datasets/captcha-images-v3/URu2bK.png,URu2bK
Datasets/captcha-images-v3/A8VGw2.png,A8VGw2
Datasets/captcha-images-v3/DlS6pv.png,DlS6pv
Datasets/captcha-images-v3/qMgskt.png,qMgskt
Datasets/captcha-images-v3/2cvDkb.png,2cvDkb
Datasets/captcha-images-v3/xH3wG1.png,xH3wG1
Datasets/captcha-images-v3/7Eeysg.png,7Eeysg
Datasets/captcha-images-v3/z0Hak5.png,z0Hak5
Datasets/captcha-images-v3/bNo7OC.png,bNo7OC
Datasets/captcha-images-v3/cyC0yy.png,cyC0yy
Datasets/captcha-images-v3/5bWqpi.png,5bWqpi
Datasets/captcha-images-v3/UC0Frx.png,UC0Frx
Datasets/captcha-images-v3/ltPsu6.png,ltPsu6
Datasets/captcha-images-v3/VK5xKe.png,VK5xKe
Datasets/captcha-images-v3/o6JJpE.png,o6JJpE
Datasets/captcha-images-v3/rPlDfz.png,rPlDfz
Datasets/captcha-images-v3/tatTKp.png,tatTKp
Datasets/captcha-images-v3/v0H1Yf.png,v0H1Yf
Datasets/captcha-images-v3/0LtgPQ.png,0LtgPQ
Datasets/captcha-images-v3/JPxPnw.png,JPxPnw
Datasets/captcha-images-v3/5pyCCY.png,5pyCCY
Datasets/captcha-images-v3/PiYVfE.png,PiYVfE
Datasets/captcha-images-v3/resK42.png,resK42
Datasets/captcha-images-v3/hMXSCk.png,hMXSCk
Datasets/captcha-images-v3/Q12GMM.png,Q12GMM
Datasets/captcha-images-v3/oI1gEw.png,oI1gEw
Datasets/captcha-images-v3/FAwySJ.png,FAwySJ
Datasets/captcha-images-v3/6Z9wmJ.png,6Z9wmJ
Datasets/captcha-images-v3/et7N4m.png,et7N4m
Datasets/captcha-images-v3/beV1c0.png,beV1c0
Datasets/captcha-images-v3/9BuaJ0.png,9BuaJ0
Datasets/captcha-images-v3/POAvy6.png,POAvy6
Datasets/captcha-images-v3/Qz2kuw.png,Qz2kuw
Datasets/captcha-images-v3/kRnlnE.png,kRnlnE
Datasets/captcha-images-v3/TBSGCQ.png,TBSGCQ
Datasets/captcha-images-v3/89lhRy.png,89lhRy
Datasets/captcha-images-v3/bA04Ui.png,bA04Ui
Datasets/captcha-images-v3/pRqcpV.png,pRqcpV
Datasets/captcha-images-v3/ZVwI4D.png,ZVwI4D
Datasets/captcha-images-v3/9IRhmK.png,9IRhmK
Datasets/captcha-images-v3/OHMZKw.png,OHMZKw
Datasets/captcha-images-v3/fVYRrM.png,fVYRrM
Datasets/captcha-images-v3/ZAo7A8.png,ZAo7A8
Datasets/captcha-images-v3/zTYGRn.png,zTYGRn
Datasets/captcha-images-v3/OHg0d7.png,OHg0d7
Datasets/captcha-images-v3/DhcriQ.png,DhcriQ
Datasets/captcha-images-v3/s2Opor.png,s2Opor
Datasets/captcha-images-v3/WFWWdn.png,WFWWdn
Datasets/captcha-images-v3/odgabz.png,odgabz
Datasets/captcha-images-v3/masFut.png,masFut
Datasets/captcha-images-v3/mspW9a.png,mspW9a
Datasets/captcha-images-v3/rsayQW.png,rsayQW
Datasets/captcha-images-v3/L160GW.png,L160GW
Datasets/captcha-images-v3/Iw2rrg.png,Iw2rrg
Datasets/captcha-images-v3/XqUKAN.png,XqUKAN
Datasets/captcha-images-v3/c5F1tn.png,c5F1tn
Datasets/captcha-images-v3/zpF5Ws.png,zpF5Ws
Datasets/captcha-images-v3/KOelaC.png,KOelaC
Datasets/captcha-images-v3/k03uMK.png,k03uMK
Datasets/captcha-images-v3/VsOdPz.png,VsOdPz
Datasets/captcha-images-v3/Lzti9t.png,Lzti9t
Datasets/captcha-images-v3/pWOmgS.png,pWOmgS
Datasets/captcha-images-v3/eHN7nS.png,eHN7nS
Datasets/captcha-images-v3/ZXLRBV.png,ZXLRBV
Datasets/captcha-images-v3/sppKOW.png,sppKOW
Datasets/captcha-images-v3/apr08N.png,apr08N
Datasets/captcha-images-v3/sdDDRN.png,sdDDRN
Datasets/captcha-images-v3/4oqGf4.png,4oqGf4
Datasets/captcha-images-v3/N7oaQf.png,N7oaQf
Datasets/captcha-images-v3/iSlRz6.png,iSlRz6
Datasets/captcha-images-v3/Z5lNgA.png,Z5lNgA
Datasets/captcha-images-v3/3A6UyB.png,3A6UyB
Datasets/captcha-images-v3/31taPD.png,31taPD
Datasets/captcha-images-v3/zZiY3k.png,zZiY3k
Datasets/captcha-images-v3/tqitG8.png,tqitG8
Datasets/captcha-images-v3/AQx7In.png,AQx7In
Datasets/captcha-images-v3/4svhiz.png,4svhiz
Datasets/captcha-images-v3/5bMQa1.png,5bMQa1
Datasets/captcha-images-v3/QC41ee.png,QC41ee
Datasets/captcha-images-v3/h7cW3q.png,h7cW3q
Datasets/captcha-images-v3/bQCvve.png,bQCvve
Datasets/captcha-images-v3/maG8Gl.png,maG8Gl
Datasets/captcha-images-v3/2wINOK.png,2wINOK
Datasets/captcha-images-v3/8fzqL9.png,8fzqL9
Datasets/captcha-images-v3/65iVXl.png,65iVXl
Datasets/captcha-images-v3/RreRGU.png,RreRGU
Datasets/captcha-images-v3/guwgfc.png,guwgfc
Datasets/captcha-images-v3/pAcRMd.png,pAcRMd
Datasets/captcha-images-v3/Yz08vd.png,Yz08vd
Datasets/captcha-images-v3/fQiNuO.png,fQiNuO
Datasets/captcha-images-v3/ymgG9o.png,ymgG9o
Datasets/captcha-images-v3/XGk4nF.png,XGk4nF
Datasets/captcha-images-v3/LGQxD2.png,LGQxD2
Datasets/captcha-images-v3/wuRYuA.png,wuRYuA
Datasets/captcha-images-v3/WuvNNg.png,WuvNNg
Datasets/captcha-images-v3/Vlh7y9.png,Vlh7y9
Datasets/captcha-images-v3/h0kvrT.png,h0kvrT
Datasets/captcha-images-v3/BQbg3s.png,BQbg3s
Datasets/captcha-images-v3/diVZmE.png,diVZmE
Datasets/captcha-images-v3/BZ8m9P.png,BZ8m9P
Datasets/captcha-images-v3/nhF8Bu.png,nhF8Bu
Datasets/captcha-images-v3/4BAISL.png,4BAISL
Datasets/captcha-images-v3/0tgOTB.png,0tgOTB
Datasets/captcha-images-v3/LonLtF.png,LonLtF
Datasets/captcha-images-v3/hgnPQC.png,hgnPQC
Datasets/captcha-images-v3/0tzEqb.png,0tzEqb
Datasets/captcha-images-v3/CAGPO6.png,CAGPO6
Datasets/captcha-images-v3/6BsptW.png,6BsptW
Datasets/captcha-images-v3/fTPMz5.png,fTPMz5
Datasets/captcha-images-v3/KH93Gk.png,KH93Gk
Datasets/captcha-images-v3/cNvJB9.png,cNvJB9
Datasets/captcha-images-v3/6avwYn.png,6avwYn
Datasets/captcha-images-v3/PCAR7n.png,PCAR7n
Datasets/captcha-images-v3/obAiY0.png,obAiY0
Datasets/captcha-images-v3/DvlFgD.png,DvlFgD
Datasets/captcha-images-v3/SeIcJd.png,SeIcJd
Datasets/captcha-images-v3/7DqDeY.png,7DqDeY
Datasets/captcha-images-v3/iwF2XV.png,iwF2XV
Datasets/captcha-images-v3/U9BsAz.png,U9BsAz
Datasets/captcha-images-v3/F9USDF.png,F9USDF
Datasets/captcha-images-v3/Q9Agp9.png,Q9Agp9
Datasets/captcha-images-v3/XHp1nH.png,XHp1nH
Datasets/captcha-images-v3/mCYapk.png,mCYapk
Datasets/captcha-images-v3/6rHBVg.png,6rHBVg
Datasets/captcha-images-v3/Teos8M.png,Teos8M
Datasets/captcha-images-v3/LGZqVp.png,LGZqVp
Datasets/captcha-images-v3/g3aOPT.png,g3aOPT
Datasets/captcha-images-v3/Ssp1i5.png,Ssp1i5
Datasets/captcha-images-v3/fiJJcH.png,fiJJcH
Datasets/captcha-images-v3/ezSMtM.png,ezSMtM
Datasets/captcha-images-v3/wEVMCw.png,wEVMCw
Datasets/captcha-images-v3/y4caRP.png,y4caRP
Datasets/captcha-images-v3/SIPqpf.png,SIPqpf
Datasets/captcha-images-v3/6VuWuM.png,6VuWuM
Datasets/captcha-images-v3/6dBoS3.png,6dBoS3
Datasets/captcha-images-v3/9d6oqD.png,9d6oqD
Datasets/captcha-images-v3/LHwkkp.png,LHwkkp
Datasets/captcha-images-v3/hvOhoo.png,hvOhoo
Datasets/captcha-images-v3/YHzuWg.png,YHzuWg
Datasets/captcha-images-v3/35yFrK.png,35yFrK
Datasets/captcha-images-v3/yQoOlg.png,yQoOlg
Datasets/captcha-images-v3/BJRvt3.png,BJRvt3
Datasets/captcha-images-v3/LbB4ml.png,LbB4ml
Datasets/captcha-images-v3/plXBwD.png,plXBwD
Datasets/captcha-images-v3/Edffsn.png,Edffsn
Datasets/captcha-images-v3/P8NuCz.png,P8NuCz
Datasets/captcha-images-v3/DeLLY8.png,DeLLY8
Datasets/captcha-images-v3/bcfsms.png,bcfsms
Datasets/captcha-images-v3/WWcwhQ.png,WWcwhQ
Datasets/captcha-images-v3/AglNbF.png,AglNbF
Datasets/captcha-images-v3/Oy5y8U.png,Oy5y8U
Datasets/captcha-images-v3/fV9V4F.png,fV9V4F
Datasets/captcha-images-v3/uX5HGK.png,uX5HGK
Datasets/captcha-images-v3/hOIGIu.png,hOIGIu
Datasets/captcha-images-v3/iyPTUq.png,iyPTUq
Datasets/captcha-images-v3/tXY6z8.png,tXY6z8
Datasets/captcha-images-v3/Poia1x.png,Poia1x
Datasets/captcha-images-v3/RKl2RQ.png,RKl2RQ
Datasets/captcha-images-v3/72FNGx.png,72FNGx
Datasets/captcha-images-v3/VbswmD.png,VbswmD
Datasets/captcha-images-v3/2As1qX.png,2As1qX
Datasets/captcha-images-v3/arrN0l.png,arrN0l
Datasets/captcha-images-v3/hgPOCc.png,hgPOCc
Datasets/captcha-images-v3/BPYKmp.png,BPYKmp
Datasets/captcha-images-v3/cnmepm.png,cnmepm
Datasets/captcha-images-v3/H4PfTM.png,H4PfTM
Datasets/captcha-images-v3/NlDA8X.png,NlDA8X
Datasets/captcha-images-v3/ctOJQt.png,ctOJQt
Datasets/captcha-images-v3/ZI4KdX.png,ZI4KdX
Datasets/captcha-images-v3/Y708ZT.png,Y708ZT
Datasets/captcha-images-v3/bBtrmY.png,bBtrmY
Datasets/captcha-images-v3/22m31R.png,22m31R
Datasets/captcha-images-v3/Zx0u4z.png,Zx0u4z
Datasets/captcha-images-v3/ceTtnu.png,ceTtnu
Datasets/captcha-images-v3/rw1glD.png,rw1glD
Datasets/captcha-images-v3/NlgEMi.png,NlgEMi
Datasets/captcha-images-v3/lAg7AA.png,lAg7AA
Datasets/captcha-images-v3/ETldgs.png,ETldgs
Datasets/captcha-images-v3/4Lhylf.png,4Lhylf
Datasets/captcha-images-v3/GJeEPh.png,GJeEPh
Datasets/captcha-images-v3/pWnIFk.png,pWnIFk
Datasets/captcha-images-v3/iV9PNZ.png,iV9PNZ
Datasets/captcha-images-v3/kuAvzd.png,kuAvzd
Datasets/captcha-images-v3/eoNlXy.png,eoNlXy
Datasets/captcha-images-v3/NGAteR.png,NGAteR
Datasets/captcha-images-v3/vXp7X3.png,vXp7X3
Datasets/captcha-images-v3/WtVJQs.png,WtVJQs
Datasets/captcha-images-v3/ac9BlK.png,ac9BlK
Datasets/captcha-images-v3/DaTpBb.png,DaTpBb
Datasets/captcha-images-v3/ibIwOf.png,ibIwOf
Datasets/captcha-images-v3/2H7A5k.png,2H7A5k
Datasets/captcha-images-v3/1o14vf.png,1o14vf
Datasets/captcha-images-v3/1DzM2k.png,1DzM2k
Datasets/captcha-images-v3/8DirYE.png,8DirYE
Datasets/captcha-images-v3/QmDrhh.png,QmDrhh
Datasets/captcha-images-v3/O1gJkP.png,O1gJkP
Datasets/captcha-images-v3/aITqei.png,aITqei
Datasets/captcha-images-v3/oSY6Wk.png,oSY6Wk
Datasets/captcha-images-v3/OV4ew2.png,OV4ew2
Datasets/captcha-images-v3/TKLaww.png,TKLaww
Datasets/captcha-images-v3/zskcgS.png,zskcgS
Datasets/captcha-images-v3/gRGdMl.png,gRGdMl
Datasets/captcha-images-v3/JxXVOa.png,JxXVOa
Datasets/captcha-images-v3/Tp0LIZ.png,Tp0LIZ
Datasets/captcha-images-v3/eKADNv.png,eKADNv
Datasets/captcha-images-v3/HWc9BD.png,HWc9BD
Datasets/captcha-images-v3/oHitLE.png,oHitLE
Datasets/captcha-images-v3/Yf5SJW.png,Yf5SJW
Datasets/captcha-images-v3/gbBXs8.png,gbBXs8
Datasets/captcha-images-v3/22c2YP.png,22c2YP
Datasets/captcha-images-v3/Fo04AV.png,Fo04AV
Datasets/captcha-images-v3/FiDw3J.png,FiDw3J
Datasets/captcha-images-v3/13VgLd.png,13VgLd
Datasets/captcha-images-v3/gUhiUs.png,gUhiUs
Datasets/captcha-images-v3/QcYRMN.png,QcYRMN
Datasets/captcha-images-v3/d0KIM7.png,d0KIM7
Datasets/captcha-images-v3/lruNkB.png,lruNkB
Datasets/captcha-images-v3/H82lSO.png,H82lSO
Datasets/captcha-images-v3/L6ofXy.png,L6ofXy
Datasets/captcha-images-v3/0XfgGc.png,0XfgGc
Datasets/captcha-images-v3/0hgCdx.png,0hgCdx
Datasets/captcha-images-v3/1O60TU.png,1O60TU
Datasets/captcha-images-v3/7ddRi2.png,7ddRi2
Datasets/captcha-images-v3/xKhabH.png,xKhabH
Datasets/captcha-images-v3/SGgH0B.png,SGgH0B
Datasets/captcha-images-v3/plBRHq.png,plBRHq
Datasets/captcha-images-v3/nlcgxO.png,nlcgxO
Datasets/captcha-images-v3/TR7iWm.png,TR7iWm
Datasets/captcha-images-v3/Qg63sR.png,Qg63sR
Datasets/captcha-images-v3/rRzlin.png,rRzlin
Datasets/captcha-images-v3/1Pq36y.png,1Pq36y
Datasets/captcha-images-v3/kLO7oW.png,kLO7oW
Datasets/captcha-images-v3/M0uLYS.png,M0uLYS
Datasets/captcha-images-v3/AvEREN.png,AvEREN
Datasets/captcha-images-v3/aNeZdH.png,aNeZdH
Datasets/captcha-images-v3/y47A7t.png,y47A7t
Datasets/captcha-images-v3/rY54IA.png,rY54IA
Datasets/captcha-images-v3/pJPOGJ.png,pJPOGJ
Datasets/captcha-images-v3/uqCvnU.png,uqCvnU
Datasets/captcha-images-v3/WR9PYO.png,WR9PYO
Datasets/captcha-images-v3/ONQb2T.png,ONQb2T
Datasets/captcha-images-v3/r4kdQu.png,r4kdQu
Datasets/captcha-images-v3/kK79NH.png,kK79NH
Datasets/captcha-images-v3/KgOZ2p.png,KgOZ2p
Datasets/captcha-images-v3/WKWFWI.png,WKWFWI
